{
  "bias_factors": {
    "BTC": 1.0,
    "ETH": 1.0,
    "SOL": 0.9999821782334231
  },
  "version": 1,
  "deviation_reports": [
    {
      "position_id": "paper-SOL-BUY-1779088905-a9b5d6",
      "ticker": "SOL",
      "side": "BUY",
      "entry_price": 0.7,
      "exit_price": 0.63,
      "confidence": 0.72,
      "pnl": -51.42857142857144,
      "timestamp": 1779088906.3619914
    },
    {
      "position_id": "paper-SOL-BUY-1779088904-5632bc",
      "ticker": "SOL",
      "side": "BUY",
      "entry_price": 0.6399999999999999,
      "exit_price": 0.576,
      "confidence": 0.72,
      "pnl": -56.250000000000014,
      "timestamp": 1779088906.3623416
    }
  ],
  "processed_positions": [
    "paper-SOL-BUY-1779088904-99143c",
    "paper-SOL-BUY-1779088905-2b9496",
    "paper-SOL-BUY-1779088905-a9b5d6",
    "paper-SOL-BUY-1779088904-5632bc"
  ]
}